example_id,segment,channel,persona,tone,constraints_json,ideal_copy,generated_copy,violation_code,violation_desc,hashtags,eval_readability_grade,eval_tone_match,eval_compliance_ok,impressions,clicks,conversions,ctr,cvr,cpa
EX0000,Happy Dogs,TikTok,time-pressed parent,upbeat,"{'tone': 'upbeat', 'persona': 'time-pressed parent', 'avoid': ['guarantees', 'medical claims', 'minors with large pets', 'price superlatives'], 'disclosure': ""#Ad for social; 'Terms apply' for promotions"", 'length_hint': '1–2 sentences'}","Quick wins for busy days. Walks and play, made comfortable. Thoughtful picks for pets. Tap to learn more. #Ad","Quick wins for busy days. Walks and play, made comfortable. Thoughtful picks for pets. Tap to learn more. #Ad",,,"#EverydayGear,#WeekendReady,#OnTheGo",7.9,0.79,1,71615,1647,59,0.023,0.0359,331.9
EX0001,Terrific Tacos,Email,time-pressed parent,playful,"{'tone': 'playful', 'persona': 'time-pressed parent', 'avoid': ['guarantees', 'medical claims', 'minors with large pets', 'price superlatives'], 'disclosure': ""#Ad for social; 'Terms apply' for promotions"", 'length_hint': '1–2 sentences'}","A simple switch for an easier week. Dinner, simplified. Fresh flavors, fast prep. Read the full guide. Terms apply.","A simple switch for an easier week. Dinner, simplified. Fresh flavors, fast prep. Read the full guide. Terms apply.",,,"#EverydayGear,#SmartChoice,#BurgerNight",8.1,0.96,1,103768,6178,165,0.0595,0.0268,6.7
EX0002,Urban Commuters,Instagram,pet-loving family,warm,"{'tone': 'warm', 'persona': 'pet-loving family', 'avoid': ['guarantees', 'medical claims', 'minors with large pets', 'price superlatives'], 'disclosure': ""#Ad for social; 'Terms apply' for promotions"", 'length_hint': '1–2 sentences'}",Fresh picks for everyday routines. Built for busy mornings. Practical comfort all week. See more in our link. #Ad,Fresh picks for everyday routines. Built for busy mornings. Practical comfort all week. See more in our link. #Ad,,,"#TacoTuesday,#BurgerNight,#OnTheGo",9.2,0.76,1,133271,2513,85,0.0189,0.034,74.5
EX0003,Terrific Tacos,Email,fitness enthusiast,friendly,"{'tone': 'friendly', 'persona': 'fitness enthusiast', 'avoid': ['guarantees', 'medical claims', 'minors with large pets', 'price superlatives'], 'disclosure': ""#Ad for social; 'Terms apply' for promotions"", 'length_hint': '1–2 sentences'}","A simple switch for an easier week. Dinner, simplified. Fresh flavors, fast prep. Read the full guide. Terms apply.","A simple switch for an easier week. Dinner, simplified. Fresh flavors, fast prep. Read the full guide. Terms apply.",,,"#EverydayGear,#OnTheGo,#SmartChoice",9.1,0.75,1,240552,18975,759,0.0789,0.04,7.5
EX0004,Happy Dogs,Instagram,pet-loving family,playful,"{'tone': 'playful', 'persona': 'pet-loving family', 'avoid': ['guarantees', 'medical claims', 'minors with large pets', 'price superlatives'], 'disclosure': ""#Ad for social; 'Terms apply' for promotions"", 'length_hint': '1–2 sentences'}","Fresh picks for everyday routines. Walks and play, made comfortable. Thoughtful picks for pets. See more in our link. #Ad","Fresh picks for everyday routines. Walks and play, made comfortable. Thoughtful picks for pets. See more in our link. #Ad",,,"#OnTheGo,#TacoTuesday,#SmartChoice",8.5,0.84,1,41214,593,36,0.0144,0.0614,422.44
EX0005,Terrific Tacos,Email,young professional,friendly,"{'tone': 'friendly', 'persona': 'young professional', 'avoid': ['guarantees', 'medical claims', 'minors with large pets', 'price superlatives'], 'disclosure': ""#Ad for social; 'Terms apply' for promotions"", 'length_hint': '1–2 sentences'}","Your go-to, delivered with care. Dinner, simplified. Fresh flavors, fast prep. Read the full guide. Terms apply.","Your go-to, delivered with care. Dinner, simplified. Fresh flavors, fast prep. Read the full guide. Terms apply.",P-DISC,missing required disclaimer or sponsorship label,"#TacoTuesday,#EverydayGear,#OnTheGo",7.5,0.78,0,74886,7720,266,0.1031,0.0345,71.67
EX0006,Terrific Tacos,Email,fitness enthusiast,playful,"{'tone': 'playful', 'persona': 'fitness enthusiast', 'avoid': ['guarantees', 'medical claims', 'minors with large pets', 'price superlatives'], 'disclosure': ""#Ad for social; 'Terms apply' for promotions"", 'length_hint': '1–2 sentences'}","Ideas to make today smoother. Dinner, simplified. Fresh flavors, fast prep. Read the full guide. Terms apply.","Ideas to make today smoother. Dinner, simplified. Fresh flavors, fast prep. Read the full guide. Terms apply.",,,"#BurgerNight,#WeekendReady,#PetParent",7.9,0.81,1,130199,11006,362,0.0845,0.0329,16.85
EX0007,Urban Commuters,Instagram,budget-conscious student,practical,"{'tone': 'practical', 'persona': 'budget-conscious student', 'avoid': ['guarantees', 'medical claims', 'minors with large pets', 'price superlatives'], 'disclosure': ""#Ad for social; 'Terms apply' for promotions"", 'length_hint': '1–2 sentences'}",Fresh picks for everyday routines. Built for busy mornings. Practical comfort all week. See more in our link. #Ad,Fresh picks for everyday routines. Built for busy mornings. Practical comfort all week. See more in our link. #Ad,,,"#TacoTuesday,#SmartChoice,#EverydayGear",7.8,1.0,1,228331,3901,332,0.0171,0.0853,27.47
EX0008,Urban Commuters,Instagram,fitness enthusiast,friendly,"{'tone': 'friendly', 'persona': 'fitness enthusiast', 'avoid': ['guarantees', 'medical claims', 'minors with large pets', 'price superlatives'], 'disclosure': ""#Ad for social; 'Terms apply' for promotions"", 'length_hint': '1–2 sentences'}",Little comforts that go a long way. Built for busy mornings. Practical comfort all week. See more in our link. #Ad,Little comforts that go a long way. Built for busy mornings. Practical comfort all week. See more in our link. #Ad,,,"#WeekendReady,#OnTheGo,#EverydayGear",8.4,0.9,1,146157,2657,127,0.0182,0.048,82.49
EX0009,Terrific Tacos,Email,young professional,upbeat,"{'tone': 'upbeat', 'persona': 'young professional', 'avoid': ['guarantees', 'medical claims', 'minors with large pets', 'price superlatives'], 'disclosure': ""#Ad for social; 'Terms apply' for promotions"", 'length_hint': '1–2 sentences'}","Your go-to, delivered with care. Dinner, simplified. Fresh flavors, fast prep. Read the full guide. Terms apply.","Your go-to, delivered with care. Dinner, simplified. Fresh flavors, fast prep. Read the full guide. Terms apply.",,,"#PetParent,#BurgerNight,#EverydayGear",8.1,0.91,1,214847,10776,147,0.0502,0.0137,98.1
EX0010,Terrific Tacos,Email,budget-conscious student,friendly,"{'tone': 'friendly', 'persona': 'budget-conscious student', 'avoid': ['guarantees', 'medical claims', 'minors with large pets', 'price superlatives'], 'disclosure': ""#Ad for social; 'Terms apply' for promotions"", 'length_hint': '1–2 sentences'}","Your go-to, delivered with care. Dinner, simplified. Fresh flavors, fast prep. Read the full guide. Terms apply.","Your go-to, delivered with care. Dinner, simplified. Fresh flavors, fast prep. Read the full guide. Terms apply.",,,"#OnTheGo,#PetParent,#BurgerNight",8.4,0.87,1,113036,11737,565,0.1038,0.0482,6.64
EX0011,Weekend Adventurers,TikTok,budget-conscious student,warm,"{'tone': 'warm', 'persona': 'budget-conscious student', 'avoid': ['guarantees', 'medical claims', 'minors with large pets', 'price superlatives'], 'disclosure': ""#Ad for social; 'Terms apply' for promotions"", 'length_hint': '1–2 sentences'}","Small change, big smile. Pack light, move freely. Gear that goes where you go. Tap to learn more. #Ad","Small change, big smile. Pack light, move freely. Gear that goes where you go. Tap to learn more. #Ad",,,"#EverydayGear,#BurgerNight,#WeekendReady",7.9,0.95,1,15594,611,41,0.0392,0.0673,416.81
EX0012,Urban Commuters,Email,budget-conscious student,upbeat,"{'tone': 'upbeat', 'persona': 'budget-conscious student', 'avoid': ['guarantees', 'medical claims', 'minors with large pets', 'price superlatives'], 'disclosure': ""#Ad for social; 'Terms apply' for promotions"", 'length_hint': '1–2 sentences'}",Ideas to make today smoother. Built for busy mornings. Practical comfort all week. Read the full guide. Terms apply.,Ideas to make today smoother. Built for busy mornings. Practical comfort all week. Read the full guide. Terms apply.,,,"#TacoTuesday,#WeekendReady,#EverydayGear",8.9,0.82,1,40604,4408,51,0.1086,0.0116,51.68
EX0013,Weekend Adventurers,Instagram,pet-loving family,playful,"{'tone': 'playful', 'persona': 'pet-loving family', 'avoid': ['guarantees', 'medical claims', 'minors with large pets', 'price superlatives'], 'disclosure': ""#Ad for social; 'Terms apply' for promotions"", 'length_hint': '1–2 sentences'}","Fresh picks for everyday routines. Pack light, move freely. Gear that goes where you go. See more in our link. #Ad","Fresh picks for everyday routines. Pack light, move freely. Gear that goes where you go. See more in our link. #Ad",,,"#SmartChoice,#WeekendReady,#BurgerNight",9.4,0.78,1,141719,2981,160,0.021,0.0538,99.3
EX0014,Best Burgers,Instagram,fitness enthusiast,upbeat,"{'tone': 'upbeat', 'persona': 'fitness enthusiast', 'avoid': ['guarantees', 'medical claims', 'minors with large pets', 'price superlatives'], 'disclosure': ""#Ad for social; 'Terms apply' for promotions"", 'length_hint': '1–2 sentences'}","Fresh picks for everyday routines. Burger night, made easy. Simple, satisfying, reliable. See more in our link. #Ad","Fresh picks for everyday routines. Burger night, made easy. Simple, satisfying, reliable. See more in our link. #Ad",,,"#PetParent,#OnTheGo,#WeekendReady",8.8,0.97,1,274382,7225,443,0.0263,0.0613,21.77
EX0015,Best Burgers,Instagram,budget-conscious student,friendly,"{'tone': 'friendly', 'persona': 'budget-conscious student', 'avoid': ['guarantees', 'medical claims', 'minors with large pets', 'price superlatives'], 'disclosure': ""#Ad for social; 'Terms apply' for promotions"", 'length_hint': '1–2 sentences'}","Made for your kind of day. Burger night, made easy. Simple, satisfying, reliable. See more in our link. #Ad","Made for your kind of day. Burger night, made easy. Simple, satisfying, reliable. See more in our link. #Ad",,,"#WeekendReady,#TacoTuesday,#PetParent",7.7,0.77,1,284918,4794,211,0.0168,0.0442,37.7
EX0016,Best Burgers,TikTok,young professional,warm,"{'tone': 'warm', 'persona': 'young professional', 'avoid': ['guarantees', 'medical claims', 'minors with large pets', 'price superlatives'], 'disclosure': ""#Ad for social; 'Terms apply' for promotions"", 'length_hint': '1–2 sentences'}","Quick wins for busy days. Burger night, made easy. Simple, satisfying, reliable. Tap to learn more. #Ad","Quick wins for busy days. Burger night, made easy. Simple, satisfying, reliable. Tap to learn more. #Ad",,,"#SmartChoice,#EverydayGear,#PetParent",8.4,0.85,1,44479,1190,73,0.0268,0.0621,217.88
EX0017,Urban Commuters,TikTok,budget-conscious student,practical,"{'tone': 'practical', 'persona': 'budget-conscious student', 'avoid': ['guarantees', 'medical claims', 'minors with large pets', 'price superlatives'], 'disclosure': ""#Ad for social; 'Terms apply' for promotions"", 'length_hint': '1–2 sentences'}",Quick wins for busy days. Built for busy mornings. Practical comfort all week. Tap to learn more. #Ad,Quick wins for busy days. Built for busy mornings. Practical comfort all week. Tap to learn more. #Ad,,,"#OnTheGo,#WeekendReady,#BurgerNight",8.7,0.95,1,153224,5498,227,0.0359,0.0414,54.26
EX0018,Urban Commuters,Instagram,pet-loving family,playful,"{'tone': 'playful', 'persona': 'pet-loving family', 'avoid': ['guarantees', 'medical claims', 'minors with large pets', 'price superlatives'], 'disclosure': ""#Ad for social; 'Terms apply' for promotions"", 'length_hint': '1–2 sentences'}",Made for your kind of day. Built for busy mornings. Practical comfort all week. See more in our link. #Ad,Made for your kind of day. Built for busy mornings. Practical comfort all week. See more in our link. #Ad,,,"#TacoTuesday,#EverydayGear,#PetParent",9.3,0.76,1,83337,1770,72,0.0212,0.0407,115.64
EX0019,Urban Commuters,Instagram,fitness enthusiast,upbeat,"{'tone': 'upbeat', 'persona': 'fitness enthusiast', 'avoid': ['guarantees', 'medical claims', 'minors with large pets', 'price superlatives'], 'disclosure': ""#Ad for social; 'Terms apply' for promotions"", 'length_hint': '1–2 sentences'}",Little comforts that go a long way. Built for busy mornings. Practical comfort all week. See more in our link. #Ad,Little comforts that go a long way. Built for busy mornings. Practical comfort all week. See more in our link. #Ad BEST EVER!!!!,P-BRAND,brand voice violation (all caps/excessive punctuation),"#TacoTuesday,#PetParent,#EverydayGear",6.9,0.77,0,284219,6519,519,0.0229,0.0797,36.38
